Run Number,Run History Configuration ID,Instance ID,Response Value (y),Censored?,Cutoff Time Used,Seed,Runtime,Run Length,Run Result Code,Run Quality,SMAC Iteration,SMAC Cumulative Runtime,Run Result,Additional Algorithm Run Data,Wall Clock Time,
1,1,1,1600.0,0,3600.0,-1,0.0,0.0,1,1600.0,0,0.0,SAT,,467.545,
2,2,1,1600.0,0,3600.0,-1,466.300571,0.0,1,1600.0,1,466.300571,SAT,,495.662,
3,3,1,1600.0,0,3600.0,-1,961.173227,0.0,1,1600.0,1,1427.473798,SAT,,425.649,
4,4,1,1600.0,0,3600.0,-1,1385.969319,0.0,1,1600.0,2,2813.443117,SAT,,496.695,
5,5,1,1600.0,0,3600.0,-1,1881.577979,0.0,1,1600.0,2,4695.0210959999995,SAT,,503.4,
6,6,1,1600.0,0,3600.0,-1,2384.095142,0.0,1,1600.0,3,7079.116238,SAT,,626.372,
7,7,1,1600.0,0,3600.0,-1,3009.617982,0.0,1,1600.0,3,10088.73422,SAT,,548.549,
8,8,1,1600.0,0,3600.0,-1,3557.417669,0.0,1,1600.0,4,13646.151889,SAT,,563.883,
9,9,1,1600.0,0,3600.0,-1,4120.43194,0.0,1,1600.0,4,17766.583829000003,SAT,,860.016,
