Run Number,Run History Configuration ID,Instance ID,Response Value (y),Censored?,Cutoff Time Used,Seed,Runtime,Run Length,Run Result Code,Run Quality,SMAC Iteration,SMAC Cumulative Runtime,Run Result,Additional Algorithm Run Data,Wall Clock Time,
<<<<<<< HEAD
1,1,1,800.0,0,3600.0,-1,0.0,0.0,1,800.0,0,0.0,SAT,,232.67,
2,2,1,800.0,0,3600.0,-1,232.008,0.0,1,800.0,1,232.008,SAT,,251.311,
3,3,1,800.0,0,3600.0,-1,482.964,0.0,1,800.0,1,714.972,SAT,,210.7,
=======
<<<<<<< HEAD
1,1,1,1600.0,0,3600.0,-1,0.0,0.0,1,1600.0,0,0.0,SAT,,467.545,
2,2,1,1600.0,0,3600.0,-1,466.300571,0.0,1,1600.0,1,466.300571,SAT,,495.662,
3,3,1,1600.0,0,3600.0,-1,961.173227,0.0,1,1600.0,1,1427.473798,SAT,,425.649,
=======
<<<<<<< HEAD
1,1,1,2025.301029995664,0,3600.0,-1,0.0,0.0,1,2025.301029995664,0,0.0,SAT,,595.497,
2,2,1,2025.301029995664,0,3600.0,-1,594.492824,0.0,1,2025.301029995664,1,594.492824,SAT,,644.067,
3,3,1,2025.301029995664,0,3600.0,-1,1237.579687,0.0,1,2025.301029995664,1,1832.0725109999998,SAT,,539.252,
=======
1,1,1,1601.6020599913281,0,3600.0,-1,0.0,0.0,1,1601.6020599913281,0,0.0,SAT,,470.483,
2,2,1,1600.6020599913281,0,3600.0,-1,464.004,0.0,1,1600.6020599913281,1,464.004,SAT,,497.197,
3,3,1,1600.6020599913281,0,3600.0,-1,956.972,0.0,1,1600.6020599913281,1,1420.976,SAT,,420.628,
>>>>>>> 624235e000e2bd040875708a9ab7828e6d9632d6
>>>>>>> 5dfaca464da908c9864b8cdf60e201b61d2b38f8
>>>>>>> 3d73396bfdf577ba749b5092145ba0e293361b04
