Run Number,Run History Configuration ID,Instance ID,Response Value (y),Censored?,Cutoff Time Used,Seed,Runtime,Run Length,Run Result Code,Run Quality,SMAC Iteration,SMAC Cumulative Runtime,Run Result,Additional Algorithm Run Data,Wall Clock Time,
1,1,1,1601.6020599913281,0,3600.0,-1,0.0,0.0,1,1601.6020599913281,0,0.0,SAT,,470.483,
2,2,1,1600.6020599913281,0,3600.0,-1,464.004,0.0,1,1600.6020599913281,1,464.004,SAT,,497.197,
3,3,1,1600.6020599913281,0,3600.0,-1,956.972,0.0,1,1600.6020599913281,1,1420.976,SAT,,420.628,
4,4,1,1600.6020599913281,0,3600.0,-1,1377.264,0.0,1,1600.6020599913281,2,2798.24,SAT,,491.049,
5,5,1,1600.6020599913281,0,3600.0,-1,1867.52,0.0,1,1600.6020599913281,2,4665.76,SAT,,500.521,
