Run Number,Run History Configuration ID,Instance ID,Response Value (y),Censored?,Cutoff Time Used,Seed,Runtime,Run Length,Run Result Code,Run Quality,SMAC Iteration,SMAC Cumulative Runtime,Run Result,Additional Algorithm Run Data,Wall Clock Time,
1,1,1,2025.301029995664,0,3600.0,-1,0.0,0.0,1,2025.301029995664,0,0.0,SAT,,595.497,
2,2,1,2025.301029995664,0,3600.0,-1,594.492824,0.0,1,2025.301029995664,1,594.492824,SAT,,644.067,
3,3,1,2025.301029995664,0,3600.0,-1,1237.579687,0.0,1,2025.301029995664,1,1832.0725109999998,SAT,,539.252,
