Run Number,Run History Configuration ID,Instance ID,Response Value (y),Censored?,Cutoff Time Used,Seed,Runtime,Run Length,Run Result Code,Run Quality,SMAC Iteration,SMAC Cumulative Runtime,Run Result,Additional Algorithm Run Data,Wall Clock Time,
1,1,1,2025.301029995664,0,3600.0,-1,0.0,0.0,1,2025.301029995664,0,0.0,SAT,,595.497,
2,2,1,2025.301029995664,0,3600.0,-1,594.492824,0.0,1,2025.301029995664,1,594.492824,SAT,,644.067,
3,3,1,2025.301029995664,0,3600.0,-1,1237.579687,0.0,1,2025.301029995664,1,1832.0725109999998,SAT,,539.252,
4,4,1,2025.301029995664,0,3600.0,-1,1775.779492,0.0,1,2025.301029995664,2,3607.852003,SAT,,635.722,
5,5,1,2025.301029995664,0,3600.0,-1,2410.53355,0.0,1,2025.301029995664,2,6018.385553,SAT,,641.729,
6,6,1,2025.301029995664,0,3600.0,-1,3051.337991,0.0,1,2025.301029995664,3,9069.723544,SAT,,799.239,
7,7,1,2025.301029995664,0,3600.0,-1,3849.41223,0.0,1,2025.301029995664,3,12919.135774,SAT,,701.837,
8,8,1,2025.301029995664,0,3600.0,-1,4550.301705,0.0,1,2025.301029995664,4,17469.437479,SAT,,719.767,
9,9,1,2025.301029995664,0,3600.0,-1,5268.135614,0.0,1,2025.301029995664,4,22737.573093,SAT,,1085.193,
