Run Number,Run History Configuration ID,Instance ID,Response Value (y),Censored?,Cutoff Time Used,Seed,Runtime,Run Length,Run Result Code,Run Quality,SMAC Iteration,SMAC Cumulative Runtime,Run Result,Additional Algorithm Run Data,Wall Clock Time,
1,1,1,802.0,0,3600.0,-1,0.0,0.0,1,802.0,0,0.0,SAT,,331.746,
2,2,1,800.0,0,3600.0,-1,165.692,0.0,1,800.0,1,165.692,SAT,,241.955,
3,3,1,807.0,0,3600.0,-1,284.652,0.0,1,807.0,1,450.344,SAT,,67.864,
4,4,1,800.0,0,3600.0,-1,318.024,0.0,1,800.0,2,768.3679999999999,SAT,,261.82,
5,5,1,800.0,0,3600.0,-1,445.736,0.0,1,800.0,2,1214.1039999999998,SAT,,300.605,
6,6,1,801.0,0,3600.0,-1,590.824,0.0,1,801.0,3,1804.9279999999999,SAT,,220.137,
7,7,1,804.0,0,3600.0,-1,590.824,0.0,1,804.0,3,2395.752,SAT,,151.994,
8,8,1,802.0,0,3600.0,-1,820.936,0.0,1,802.0,4,3216.688,SAT,,201.67,
9,9,1,804.0,0,3600.0,-1,1022.368,0.0,1,804.0,4,4239.0560000000005,SAT,,101.578,
