Run Number,Run History Configuration ID,Instance ID,Response Value (y),Censored?,Cutoff Time Used,Seed,Runtime,Run Length,Run Result Code,Run Quality,SMAC Iteration,SMAC Cumulative Runtime,Run Result,Additional Algorithm Run Data,Wall Clock Time,
1,1,1,1600.6020599913281,0,3600.0,-1,0.0,0.0,1,1600.6020599913281,0,0.0,SAT,,464.853,
2,2,1,1600.6020599913281,0,3600.0,-1,463.104,0.0,1,1600.6020599913281,1,463.104,SAT,,457.861,
3,3,1,1600.6020599913281,0,3600.0,-1,919.384,0.0,1,1600.6020599913281,1,1382.488,SAT,,263.506,
4,4,1,1602.6020599913281,0,3600.0,-1,1181.948,0.0,1,1602.6020599913281,2,2564.436,SAT,,579.743,
5,5,1,1600.6020599913281,0,3600.0,-1,1759.972,0.0,1,1600.6020599913281,2,4324.408,SAT,,593.524,
