Run Number,Run History Configuration ID,Instance ID,Response Value (y),Censored?,Cutoff Time Used,Seed,Runtime,Run Length,Run Result Code,Run Quality,SMAC Iteration,SMAC Cumulative Runtime,Run Result,Additional Algorithm Run Data,Wall Clock Time,
1,1,1,800.0,0,3600.0,-1,0.0,0.0,1,800.0,0,0.0,SAT,,232.687,
2,2,1,800.0,0,3600.0,-1,232.3,0.0,1,800.0,1,232.3,SAT,,229.052,
3,3,1,800.0,0,3600.0,-1,459.86,0.0,1,800.0,1,692.1600000000001,SAT,,131.803,
4,4,1,800.0,0,3600.0,-1,590.948,0.0,1,800.0,2,1283.1080000000002,SAT,,287.106,
5,5,1,800.0,0,3600.0,-1,877.1,0.0,1,800.0,2,2160.208,SAT,,296.553,
6,6,1,800.0,0,3600.0,-1,1172.08,0.0,1,800.0,3,3332.288,SAT,,235.16,
7,7,1,800.0,0,3600.0,-1,1406.144,0.0,1,800.0,3,4738.432,SAT,,178.29,
8,8,1,800.0,0,3600.0,-1,1584.028,0.0,1,800.0,4,6322.46,SAT,,177.451,
9,9,1,800.0,0,3600.0,-1,1760.624,0.0,1,800.0,4,8083.084,SAT,,217.001,
