Run Number,Run History Configuration ID,Instance ID,Response Value (y),Censored?,Cutoff Time Used,Seed,Runtime,Run Length,Run Result Code,Run Quality,SMAC Iteration,SMAC Cumulative Runtime,Run Result,Additional Algorithm Run Data,Wall Clock Time,
1,1,1,2025.301029995664,0,3600.0,-1,0.0,0.0,1,2025.301029995664,0,0.0,SAT,,597.926,
2,2,1,2025.301029995664,0,3600.0,-1,595.43697,0.0,1,2025.301029995664,1,595.43697,SAT,,584.971,
3,3,1,2025.301029995664,0,3600.0,-1,1178.988257,0.0,1,2025.301029995664,1,1774.425227,SAT,,338.427,
4,4,1,2026.301029995664,0,3600.0,-1,1516.023714,0.0,1,2026.301029995664,2,3290.4489409999996,SAT,,735.902,
5,5,1,2025.301029995664,0,3600.0,-1,2250.282987,0.0,1,2025.301029995664,2,5540.731927999999,SAT,,756.387,
6,6,1,2025.301029995664,0,3600.0,-1,3005.574854,0.0,1,2025.301029995664,3,8546.306782,SAT,,601.669,
7,7,1,2025.301029995664,0,3600.0,-1,3606.450593,0.0,1,2025.301029995664,3,12152.757375,SAT,,456.396,
8,8,1,2025.301029995664,0,3600.0,-1,4062.256603,0.0,1,2025.301029995664,4,16215.013977999999,SAT,,444.499,
9,9,1,2025.301029995664,0,3600.0,-1,4062.256603,0.0,1,2025.301029995664,4,20277.270580999997,SAT,,554.209,
