Run Number,Run History Configuration ID,Instance ID,Response Value (y),Censored?,Cutoff Time Used,Seed,Runtime,Run Length,Run Result Code,Run Quality,SMAC Iteration,SMAC Cumulative Runtime,Run Result,Additional Algorithm Run Data,Wall Clock Time,
<<<<<<< HEAD
1,1,1,800.0,0,3600.0,-1,0.0,0.0,1,800.0,0,0.0,SAT,,232.687,
2,2,1,800.0,0,3600.0,-1,232.3,0.0,1,800.0,1,232.3,SAT,,229.052,
3,3,1,800.0,0,3600.0,-1,459.86,0.0,1,800.0,1,692.1600000000001,SAT,,131.803,
=======
<<<<<<< HEAD
1,1,1,1600.0,0,3600.0,-1,0.0,0.0,1,1600.0,0,0.0,SAT,,470.937,
2,2,1,1600.0,0,3600.0,-1,469.772843,0.0,1,1600.0,1,469.772843,SAT,,456.02,
3,3,1,1600.0,0,3600.0,-1,924.56893,0.0,1,1600.0,1,1394.341773,SAT,,259.045,
=======
<<<<<<< HEAD
1,1,1,2025.301029995664,0,3600.0,-1,0.0,0.0,1,2025.301029995664,0,0.0,SAT,,597.926,
2,2,1,2025.301029995664,0,3600.0,-1,595.43697,0.0,1,2025.301029995664,1,595.43697,SAT,,584.971,
3,3,1,2025.301029995664,0,3600.0,-1,1178.988257,0.0,1,2025.301029995664,1,1774.425227,SAT,,338.427,
=======
1,1,1,1600.6020599913281,0,3600.0,-1,0.0,0.0,1,1600.6020599913281,0,0.0,SAT,,464.853,
2,2,1,1600.6020599913281,0,3600.0,-1,463.104,0.0,1,1600.6020599913281,1,463.104,SAT,,457.861,
3,3,1,1600.6020599913281,0,3600.0,-1,919.384,0.0,1,1600.6020599913281,1,1382.488,SAT,,263.506,
>>>>>>> 624235e000e2bd040875708a9ab7828e6d9632d6
>>>>>>> 5dfaca464da908c9864b8cdf60e201b61d2b38f8
>>>>>>> 3d73396bfdf577ba749b5092145ba0e293361b04
