Run Number,Run History Configuration ID,Instance ID,Response Value (y),Censored?,Cutoff Time Used,Seed,Runtime,Run Length,Run Result Code,Run Quality,SMAC Iteration,SMAC Cumulative Runtime,Run Result,Additional Algorithm Run Data,Wall Clock Time,
1,1,1,801.3802112417115,0,3600.0,-1,0.0,0.0,1,801.3802112417115,0,0.0,SAT,,467.85,
2,2,1,801.3802112417115,0,3600.0,-1,232.436,0.0,1,801.3802112417115,1,232.436,SAT,,177.078,
3,3,1,801.3802112417115,0,3600.0,-1,320.548,0.0,1,801.3802112417115,1,552.984,SAT,,107.86,
4,4,1,801.3802112417115,0,3600.0,-1,374.78,0.0,1,801.3802112417115,2,927.764,SAT,,205.498,
5,5,1,802.3802112417115,0,3600.0,-1,475.8,0.0,1,802.3802112417115,2,1403.564,SAT,,265.501,
6,6,1,802.3802112417115,0,3600.0,-1,606.696,0.0,1,802.3802112417115,3,2010.2600000000002,SAT,,544.799,
7,7,1,802.3802112417115,0,3600.0,-1,606.696,0.0,1,802.3802112417115,3,2616.956,SAT,,455.394,
8,8,1,802.3802112417115,0,3600.0,-1,1102.476,0.0,1,802.3802112417115,4,3719.4320000000002,SAT,,366.113,
9,9,1,802.3802112417115,0,3600.0,-1,1285.12,0.0,1,802.3802112417115,4,5004.552,SAT,,551.737,
