Run Number,Run History Configuration ID,Instance ID,Response Value (y),Censored?,Cutoff Time Used,Seed,Runtime,Run Length,Run Result Code,Run Quality,SMAC Iteration,SMAC Cumulative Runtime,Run Result,Additional Algorithm Run Data,Wall Clock Time,
1,1,1,1600.6020599913281,0,3600.0,-1,0.0,0.0,1,1600.6020599913281,0,0.0,SAT,,465.17,
2,2,1,1600.6020599913281,0,3600.0,-1,463.672,0.0,1,1600.6020599913281,1,463.672,SAT,,820.081,
3,3,1,1600.6020599913281,0,3600.0,-1,1282.12,0.0,1,1600.6020599913281,1,1745.792,SAT,,378.769,
4,4,1,1600.6020599913281,0,3600.0,-1,1660.416,0.0,1,1600.6020599913281,2,3406.2079999999996,SAT,,538.973,
5,5,1,1600.6020599913281,0,3600.0,-1,2198.54,0.0,1,1600.6020599913281,2,5604.748,SAT,,345.921,
6,6,1,1600.6020599913281,0,3600.0,-1,2543.96,0.0,1,1600.6020599913281,3,8148.708,SAT,,744.314,
7,7,1,1600.6020599913281,0,3600.0,-1,3287.096,0.0,1,1600.6020599913281,3,11435.804,SAT,,635.91,
8,8,1,1600.6020599913281,0,3600.0,-1,3921.284,0.0,1,1600.6020599913281,4,15357.088,SAT,,496.444,
9,9,1,1600.6020599913281,0,3600.0,-1,3921.284,0.0,1,1600.6020599913281,4,19278.372,SAT,,548.379,
