Run Number,Run History Configuration ID,Instance ID,Response Value (y),Censored?,Cutoff Time Used,Seed,Runtime,Run Length,Run Result Code,Run Quality,SMAC Iteration,SMAC Cumulative Runtime,Run Result,Additional Algorithm Run Data,Wall Clock Time,
1,1,1,2025.301029995664,0,3600.0,-1,0.0,0.0,1,2025.301029995664,0,0.0,SAT,,596.994,
2,2,1,2025.301029995664,0,3600.0,-1,595.24979,0.0,1,2025.301029995664,1,595.24979,SAT,,1051.418,
3,3,1,2025.301029995664,0,3600.0,-1,1642.840827,0.0,1,2025.301029995664,1,2238.090617,SAT,,492.233,
4,4,1,2025.301029995664,0,3600.0,-1,2134.230534,0.0,1,2025.301029995664,2,4372.321151,SAT,,693.614,
5,5,1,2025.301029995664,0,3600.0,-1,2826.477393,0.0,1,2025.301029995664,2,7198.798544,SAT,,447.343,
