Run Number,Run History Configuration ID,Instance ID,Response Value (y),Censored?,Cutoff Time Used,Seed,Runtime,Run Length,Run Result Code,Run Quality,SMAC Iteration,SMAC Cumulative Runtime,Run Result,Additional Algorithm Run Data,Wall Clock Time,
1,1,1,1600.0,0,3600.0,-1,0.0,0.0,1,1600.0,0,0.0,SAT,,471.53,
2,2,1,1600.0,0,3600.0,-1,468.755898,0.0,1,1600.0,1,468.755898,SAT,,824.619,
3,3,1,1600.0,0,3600.0,-1,1291.314198,0.0,1,1600.0,1,1760.070096,SAT,,383.222,
4,4,1,1600.0,0,3600.0,-1,1673.090493,0.0,1,1600.0,2,3433.160589,SAT,,541.989,
5,5,1,1600.0,0,3600.0,-1,2213.824033,0.0,1,1600.0,2,5646.984622,SAT,,350.673,
6,6,1,1600.0,0,3600.0,-1,2563.22077,0.0,1,1600.0,3,8210.205392,SAT,,748.911,
7,7,1,1600.0,0,3600.0,-1,3308.901669,0.0,1,1600.0,3,11519.107060999999,SAT,,641.442,
8,8,1,1600.0,0,3600.0,-1,3948.064806,0.0,1,1600.0,4,15467.171867,SAT,,499.562,
9,9,1,1600.0,0,3600.0,-1,4446.79491,0.0,1,1600.0,4,19913.966776999998,SAT,,559.7,
