Run Number,Run History Configuration ID,Instance ID,Response Value (y),Censored?,Cutoff Time Used,Seed,Runtime,Run Length,Run Result Code,Run Quality,SMAC Iteration,SMAC Cumulative Runtime,Run Result,Additional Algorithm Run Data,Wall Clock Time,
1,1,1,2100.301029995664,0,3600.0,-1,0.0,0.0,1,2100.301029995664,0,0.0,SAT,,408.587,
2,2,1,2062.301029995664,0,3600.0,-1,406.208,0.0,1,2062.301029995664,1,406.208,SAT,,433.245,
3,3,1,2035.301029995664,0,3600.0,-1,836.516,0.0,1,2035.301029995664,1,1242.724,SAT,,362.635,
4,4,1,2029.301029995664,0,3600.0,-1,1198.212,0.0,1,2029.301029995664,2,2440.9359999999997,SAT,,432.575,
5,5,1,2201.301029995664,0,3600.0,-1,1628.776,0.0,1,2201.301029995664,2,4069.7119999999995,SAT,,450.989,
