Run Number,Run History Configuration ID,Instance ID,Response Value (y),Censored?,Cutoff Time Used,Seed,Runtime,Run Length,Run Result Code,Run Quality,SMAC Iteration,SMAC Cumulative Runtime,Run Result,Additional Algorithm Run Data,Wall Clock Time,
1,1,1,1650.6020599913281,0,3600.0,-1,0.0,0.0,1,1650.6020599913281,0,0.0,SAT,,326.102,
2,2,1,1644.0,0,3600.0,-1,322.532164,0.0,1,1644.0,1,322.532164,SAT,,352.446,
3,3,1,1651.301029995664,0,3600.0,-1,672.821947,0.0,1,1651.301029995664,1,995.3541110000001,SAT,,299.066,
4,4,1,1616.1249387366083,0,3600.0,-1,969.417368,0.0,1,1616.1249387366083,2,1964.771479,SAT,,345.488,
5,5,1,1689.0,0,3600.0,-1,1313.717572,0.0,1,1689.0,2,3278.489051,SAT,,357.777,
