Run Number,Run History Configuration ID,Instance ID,Response Value (y),Censored?,Cutoff Time Used,Seed,Runtime,Run Length,Run Result Code,Run Quality,SMAC Iteration,SMAC Cumulative Runtime,Run Result,Additional Algorithm Run Data,Wall Clock Time,
1,1,1,1600.0,0,3600.0,-1,0.0,0.0,1,1600.0,0,0.0,SAT,,387.651,
2,2,1,1600.0,0,3600.0,-1,386.648,0.0,1,1600.0,1,386.648,SAT,,411.077,
3,3,1,1600.0,0,3600.0,-1,795.86,0.0,1,1600.0,1,1182.508,SAT,,349.437,
4,4,1,1600.0,0,3600.0,-1,1143.464,0.0,1,1600.0,2,2325.9719999999998,SAT,,407.611,
5,5,1,1600.0,0,3600.0,-1,1550.1,0.0,1,1600.0,2,3876.0719999999997,SAT,,417.105,
6,6,1,1600.0,0,3600.0,-1,1966.22,0.0,1,1600.0,3,5842.2919999999995,SAT,,523.894,
7,7,1,1600.0,0,3600.0,-1,2488.952,0.0,1,1600.0,3,8331.243999999999,SAT,,448.375,
8,8,1,1600.0,0,3600.0,-1,2935.204,0.0,1,1600.0,4,11266.447999999999,SAT,,464.781,
9,9,1,1600.0,0,3600.0,-1,3398.928,0.0,1,1600.0,4,14665.375999999998,SAT,,701.299,
