Run Number,Run History Configuration ID,Instance ID,Response Value (y),Censored?,Cutoff Time Used,Seed,Runtime,Run Length,Run Result Code,Run Quality,SMAC Iteration,SMAC Cumulative Runtime,Run Result,Additional Algorithm Run Data,Wall Clock Time,
1,1,1,801.3802112417115,0,3600.0,-1,0.0,0.0,1,801.3802112417115,0,0.0,SAT,,347.972,
2,2,1,801.3802112417115,0,3600.0,-1,173.16,0.0,1,801.3802112417115,1,173.16,SAT,,163.549,
3,3,1,801.3802112417115,0,3600.0,-1,255.012,0.0,1,801.3802112417115,1,428.172,SAT,,145.478,
4,4,1,802.3802112417115,0,3600.0,-1,327.212,0.0,1,802.3802112417115,2,755.384,SAT,,354.437,
5,5,1,802.3802112417115,0,3600.0,-1,502.852,0.0,1,802.3802112417115,2,1258.2359999999999,SAT,,72.262,
