Run Number,Run History Configuration ID,Instance ID,Response Value (y),Censored?,Cutoff Time Used,Seed,Runtime,Run Length,Run Result Code,Run Quality,SMAC Iteration,SMAC Cumulative Runtime,Run Result,Additional Algorithm Run Data,Wall Clock Time,
1,1,1,1842.6020599913281,0,3600.0,-1,0.0,0.0,1,1842.6020599913281,0,0.0,SAT,,326.329,
2,2,1,1657.6020599913281,0,3600.0,-1,323.593949,0.0,1,1657.6020599913281,1,323.593949,SAT,,318.39,
3,3,1,1679.6020599913281,0,3600.0,-1,640.852548,0.0,1,1679.6020599913281,1,964.4464969999999,SAT,,352.98,
4,4,1,1628.6020599913281,0,3600.0,-1,991.905737,0.0,1,1628.6020599913281,2,1956.352234,SAT,,297.341,
5,5,1,1637.0,0,3600.0,-1,1287.862928,0.0,1,1637.0,2,3244.215162,SAT,,345.683,
6,6,1,2150.0,0,3600.0,-1,1631.984386,0.0,1,2150.0,3,4876.1995480000005,SAT,,186.345,
7,7,1,1625.0,0,3600.0,-1,1817.368864,0.0,1,1625.0,3,6693.5684120000005,SAT,,454.459,
8,8,1,1623.6020599913281,0,3600.0,-1,2269.817564,0.0,1,1623.6020599913281,4,8963.385976000001,SAT,,368.296,
9,9,1,1608.6020599913281,0,3600.0,-1,2635.487418,0.0,1,1608.6020599913281,4,11598.873394000002,SAT,,509.353,
