Run Number,Run History Configuration ID,Instance ID,Response Value (y),Censored?,Cutoff Time Used,Seed,Runtime,Run Length,Run Result Code,Run Quality,SMAC Iteration,SMAC Cumulative Runtime,Run Result,Additional Algorithm Run Data,Wall Clock Time,
<<<<<<< HEAD
1,1,1,2041.301029995664,0,3600.0,-1,0.0,0.0,1,2041.301029995664,0,0.0,SAT,,392.198,
2,2,1,2042.301029995664,0,3600.0,-1,390.884,0.0,1,2042.301029995664,1,390.884,SAT,,404.859,
3,3,1,2136.301029995664,0,3600.0,-1,794.832,0.0,1,2136.301029995664,1,1185.716,SAT,,445.203,
=======
1,1,1,1842.6020599913281,0,3600.0,-1,0.0,0.0,1,1842.6020599913281,0,0.0,SAT,,326.329,
2,2,1,1657.6020599913281,0,3600.0,-1,323.593949,0.0,1,1657.6020599913281,1,323.593949,SAT,,318.39,
3,3,1,1679.6020599913281,0,3600.0,-1,640.852548,0.0,1,1679.6020599913281,1,964.4464969999999,SAT,,352.98,
>>>>>>> 40d814705a470fed13b12d6359989396e6ecd75e
