Run Number,Run History Configuration ID,Instance ID,Response Value (y),Censored?,Cutoff Time Used,Seed,Runtime,Run Length,Run Result Code,Run Quality,SMAC Iteration,SMAC Cumulative Runtime,Run Result,Additional Algorithm Run Data,Wall Clock Time,
1,1,1,1601.6020599913281,0,3600.0,-1,0.0,0.0,1,1601.6020599913281,0,0.0,SAT,,473.642,
2,2,1,1600.6020599913281,0,3600.0,-1,472.532,0.0,1,1600.6020599913281,1,472.532,SAT,,455.434,
3,3,1,1600.6020599913281,0,3600.0,-1,927.364,0.0,1,1600.6020599913281,1,1399.896,SAT,,486.349,
4,4,1,1600.6020599913281,0,3600.0,-1,1412.788,0.0,1,1600.6020599913281,2,2812.684,SAT,,419.731,
5,5,1,1600.6020599913281,0,3600.0,-1,1831.124,0.0,1,1600.6020599913281,2,4643.808,SAT,,490.272,
