Run Number,Run History Configuration ID,Instance ID,Response Value (y),Censored?,Cutoff Time Used,Seed,Runtime,Run Length,Run Result Code,Run Quality,SMAC Iteration,SMAC Cumulative Runtime,Run Result,Additional Algorithm Run Data,Wall Clock Time,
1,1,1,1601.6020599913281,0,3600.0,-1,0.0,0.0,1,1601.6020599913281,0,0.0,SAT,,473.642,
2,2,1,1600.6020599913281,0,3600.0,-1,472.532,0.0,1,1600.6020599913281,1,472.532,SAT,,455.434,
3,3,1,1600.6020599913281,0,3600.0,-1,927.364,0.0,1,1600.6020599913281,1,1399.896,SAT,,486.349,
4,4,1,1600.6020599913281,0,3600.0,-1,1412.788,0.0,1,1600.6020599913281,2,2812.684,SAT,,419.731,
5,5,1,1600.6020599913281,0,3600.0,-1,1831.124,0.0,1,1600.6020599913281,2,4643.808,SAT,,490.272,
6,6,1,1600.6020599913281,0,3600.0,-1,2320.892,0.0,1,1600.6020599913281,3,6964.7,SAT,,259.05,
7,7,1,1600.6020599913281,0,3600.0,-1,2579.696,0.0,1,1600.6020599913281,3,9544.396,SAT,,625.631,
8,8,1,1600.6020599913281,0,3600.0,-1,3204.664,0.0,1,1600.6020599913281,4,12749.060000000001,SAT,,510.148,
9,9,1,1600.6020599913281,0,3600.0,-1,3714.256,0.0,1,1600.6020599913281,4,16463.316000000003,SAT,,730.211,
