Run Number,Run History Configuration ID,Instance ID,Response Value (y),Censored?,Cutoff Time Used,Seed,Runtime,Run Length,Run Result Code,Run Quality,SMAC Iteration,SMAC Cumulative Runtime,Run Result,Additional Algorithm Run Data,Wall Clock Time,
1,1,1,2025.301029995664,0,3600.0,-1,0.0,0.0,1,2025.301029995664,0,0.0,SAT,,600.722,
2,2,1,2025.301029995664,0,3600.0,-1,598.849996,0.0,1,2025.301029995664,1,598.849996,SAT,,586.179,
3,3,1,2025.301029995664,0,3600.0,-1,1183.390209,0.0,1,2025.301029995664,1,1782.240205,SAT,,626.736,
4,4,1,2025.301029995664,0,3600.0,-1,1808.120957,0.0,1,2025.301029995664,2,3590.361162,SAT,,533.285,
5,5,1,2025.301029995664,0,3600.0,-1,2338.59538,0.0,1,2025.301029995664,2,5928.956542,SAT,,628.95,
