Run Number,Run History Configuration ID,Instance ID,Response Value (y),Censored?,Cutoff Time Used,Seed,Runtime,Run Length,Run Result Code,Run Quality,SMAC Iteration,SMAC Cumulative Runtime,Run Result,Additional Algorithm Run Data,Wall Clock Time,
1,1,1,1689.6020599913281,0,3600.0,-1,0.0,0.0,1,1689.6020599913281,0,0.0,SAT,,328.237,
2,2,1,1705.6020599913281,0,3600.0,-1,325.457748,0.0,1,1705.6020599913281,1,325.457748,SAT,,594.515,
3,3,1,2167.602059991328,0,3600.0,-1,915.173287,0.0,1,2167.602059991328,1,1240.6310349999999,SAT,,273.613,
