Run Number,Run History Configuration ID,Instance ID,Response Value (y),Censored?,Cutoff Time Used,Seed,Runtime,Run Length,Run Result Code,Run Quality,SMAC Iteration,SMAC Cumulative Runtime,Run Result,Additional Algorithm Run Data,Wall Clock Time,
1,1,1,1689.6020599913281,0,3600.0,-1,0.0,0.0,1,1689.6020599913281,0,0.0,SAT,,328.237,
2,2,1,1705.6020599913281,0,3600.0,-1,325.457748,0.0,1,1705.6020599913281,1,325.457748,SAT,,594.515,
3,3,1,2167.602059991328,0,3600.0,-1,915.173287,0.0,1,2167.602059991328,1,1240.6310349999999,SAT,,273.613,
4,4,1,1625.6020599913281,0,3600.0,-1,1187.470575,0.0,1,1625.6020599913281,2,2428.1016099999997,SAT,,373.657,
5,5,1,1606.301029995664,0,3600.0,-1,1559.738151,0.0,1,1606.301029995664,2,3987.8397609999997,SAT,,248.745,
