Run Number,Run History Configuration ID,Instance ID,Response Value (y),Censored?,Cutoff Time Used,Seed,Runtime,Run Length,Run Result Code,Run Quality,SMAC Iteration,SMAC Cumulative Runtime,Run Result,Additional Algorithm Run Data,Wall Clock Time,
1,1,1,800.0,0,3600.0,-1,0.0,0.0,1,800.0,0,0.0,SAT,,399.817,
2,2,1,800.0,0,3600.0,-1,230.58373,0.0,1,800.0,1,230.58373,SAT,,226.295,
3,3,1,800.0,0,3600.0,-1,455.397357,0.0,1,800.0,1,685.981087,SAT,,84.075,
4,4,1,800.0,0,3600.0,-1,539.3187,0.0,1,800.0,2,1225.299787,SAT,,153.069,
5,5,1,800.0,0,3600.0,-1,692.049385,0.0,1,800.0,2,1917.349172,SAT,,173.67,
6,6,1,800.0,0,3600.0,-1,864.793862,0.0,1,800.0,3,2782.1430339999997,SAT,,44.358,
7,7,1,800.0,0,3600.0,-1,908.881401,0.0,1,800.0,3,3691.024435,SAT,,142.014,
8,8,1,800.0,0,3600.0,-1,1050.13641,0.0,1,800.0,4,4741.160845,SAT,,75.499,
9,9,1,800.0,0,3600.0,-1,1125.52617,0.0,1,800.0,4,5866.687015,SAT,,127.096,
