Run Number,Run History Configuration ID,Instance ID,Response Value (y),Censored?,Cutoff Time Used,Seed,Runtime,Run Length,Run Result Code,Run Quality,SMAC Iteration,SMAC Cumulative Runtime,Run Result,Additional Algorithm Run Data,Wall Clock Time,
<<<<<<< HEAD
1,1,1,2067.301029995664,0,3600.0,-1,0.0,0.0,1,2067.301029995664,0,0.0,SAT,,393.618,
2,2,1,2026.301029995664,0,3600.0,-1,392.684,0.0,1,2026.301029995664,1,392.684,SAT,,375.723,
3,3,1,2030.301029995664,0,3600.0,-1,767.112,0.0,1,2030.301029995664,1,1159.796,SAT,,230.664,
=======
1,1,1,3727.0,0,3600.0,-1,0.0,0.0,1,3727.0,0,0.0,SAT,,327.376,
2,2,1,1657.6020599913281,0,3600.0,-1,325.389119,0.0,1,1657.6020599913281,1,325.389119,SAT,,319.248,
3,3,1,1623.6020599913281,0,3600.0,-1,643.436635,0.0,1,1623.6020599913281,1,968.825754,SAT,,186.959,
>>>>>>> 40d814705a470fed13b12d6359989396e6ecd75e
