Run Number,Run History Configuration ID,Instance ID,Response Value (y),Censored?,Cutoff Time Used,Seed,Runtime,Run Length,Run Result Code,Run Quality,SMAC Iteration,SMAC Cumulative Runtime,Run Result,Additional Algorithm Run Data,Wall Clock Time,
1,1,1,3727.0,0,3600.0,-1,0.0,0.0,1,3727.0,0,0.0,SAT,,327.376,
2,2,1,1657.6020599913281,0,3600.0,-1,325.389119,0.0,1,1657.6020599913281,1,325.389119,SAT,,319.248,
3,3,1,1623.6020599913281,0,3600.0,-1,643.436635,0.0,1,1623.6020599913281,1,968.825754,SAT,,186.959,
4,4,1,1682.0,0,3600.0,-1,829.553558,0.0,1,1682.0,2,1798.379312,SAT,,389.715,
5,5,1,1619.301029995664,0,3600.0,-1,1215.821195,0.0,1,1619.301029995664,2,3014.200507,SAT,,417.907,
