"Validation Configuration ID","Configuration ","Sample Call String"
"1","-x1 '3.2664647375203675' -x2 '1.6096409225951174'","python example_scenarios/branin/branin.py no_instance 0 1.7976931348623157E308 2147483647 -1 -x1 '3.2664647375203675' -x2 '1.6096409225951174' "
