"CPU Time Used","Estimated Training Performance","Wallclock Time","Incumbent ID","Automatic Configurator (CPU) Time","Full Configuration","Predicted Performance (if available)",
"0.0"," 1.7976931348623157E308","0.0","1","0.0", " crossover='0.9', mutation='0.1', n_generations='100'","NaN"
"0.4774011730000002"," 1689.6020599913281","328.353","1","0.3776641030000001", " crossover='0.9', mutation='0.1', n_generations='100'","NaN"
"2429.284436724"," 1625.6020599913281","1570.765","4","1.083080776", " crossover='0.9339728892626993', mutation='0.3838442927432957', n_generations='144'","1854.2687266579949"
"3989.10089022"," 1606.301029995664","1819.515","5","1.1613550879999999", " crossover='0.5997089606151438', mutation='0.17184888262759435', n_generations='80'","1854.2687266579949"
"660832.2462064931"," 1603.6020599913281","21295.607","63","7.627977304", " crossover='0.2150310456353317', mutation='0.8293759568084285', n_generations='56'","1826.3353904635492"
"4273869.650165449"," 1603.301029995664","52121.151","163","17.512337239", " crossover='0.05560574649933381', mutation='0.7403900111362981', n_generations='250'","1655.0658613359913"
